comment,image_id,rating,timestamp,generation_id
string,string,0,2025-04-26T05:42:35+00:00,
stringw,string,0,2025-04-26T05:44:10+00:00,
string,string,0,2025-04-26T06:42:16+00:00,
string,string,0,2025-04-26T06:43:40+00:00,
string,string,0,2025-04-26T06:45:00+00:00,
string,string,0,2025-04-26T07:18:41+00:00,
string,string,0,2025-04-26T09:28:27+00:00,
,b50eea7d-fc66-4b32-b3b9-268bdd672e10-0,1,2025-04-27T02:18:05+00:00,b50eea7d-fc66-4b32-b3b9-268bdd672e10
,63103a78-8f88-4fd1-9ed5-cc94a79a0750-0,1,2025-04-27T03:17:26+00:00,63103a78-8f88-4fd1-9ed5-cc94a79a0750
,6fe0553a-b192-4bca-8d09-55366fe18df6-0,-1,2025-04-27T04:47:25+00:00,6fe0553a-b192-4bca-8d09-55366fe18df6
,3493bfda-9097-41a7-9f44-7332f353a6db-0,1,2025-04-27T05:34:13+00:00,3493bfda-9097-41a7-9f44-7332f353a6db
,8b070e72-01d3-494e-b618-dca2fee86dd9-0,1,2025-04-27T05:35:09+00:00,8b070e72-01d3-494e-b618-dca2fee86dd9
,adafc02f-2671-4ea0-98ed-c5462e4b7d8a-0,1,2025-04-27T05:40:22+00:00,adafc02f-2671-4ea0-98ed-c5462e4b7d8a
,19e26b01-623c-4e36-9461-465abb7dd77d-0,1,2025-04-27T05:41:04+00:00,19e26b01-623c-4e36-9461-465abb7dd77d
,373d34d7-537f-4342-b13e-3dfbf0afb202-0,1,2025-04-27T05:42:05+00:00,373d34d7-537f-4342-b13e-3dfbf0afb202
,1915f43c-2520-4db6-93de-03e041129d95-0,-1,2025-04-27T05:48:56+00:00,1915f43c-2520-4db6-93de-03e041129d95
